-35.3,-56.5
-19.7,37.4
-35.7,-17.8
20.8,-19.3
26.2,-4.3
17.9,66.5
-25.8,16.5
22.1,20.3
-5.4,30.2
22.4,-57.5
-68.2,-69.4
74.4,-57.6
-39.8,5.6
-16.7,-19.3
67.4,29.5
6.0,13.1
34.0,57.8
23.2,50.1
17.3,65.9
-33.0,28.5
-42.4,-8.3
-39.6,-20.6
72.1,-19.9
60.3,21.7
-65.9,-33.6
70.2,67.4
48.6,-61.2
-43.2,20.9
70.7,-67.4
-25.0,73.3
43.0,-44.2
49.5,8.1
13.0,47.0
-40.1,41.2
43.3,14.4
-33.4,72.6
73.1,6.0
44.8,-58.5
55.0,-55.2
-21.3,43.3
13.3,-72.6
-35.2,-56.0
-11.9,-58.0
-65.5,-7.8
-20.7,14.0
-7.2,-41.8
17.3,34.1
61.3,23.8
-29.8,21.5
-70.3,74.8
52.1,-11.1
-58.8,31.9
-8.5,59.9
-26.7,-52.7
-56.1,18.6
12.8,31.8
-17.9,14.6
-30.8,0.8
-10.5,44.0
-57.8,23.2
56.7,7.7
54.8,-10.5
58.2,-12.9
49.1,-15.2
34.4,-28.1
-28.1,-36.8
68.0,28.0
-3.9,-61.3
-62.2,-10.2
36.7,-19.1
-55.5,-66.0
68.5,9.3
25.5,-13.4
56.0,66.2
-11.6,62.4
-67.3,-31.9
-28.1,-59.5
1.1,-51.8
-2.7,52.1
-22.5,8.4
-57.8,-33.2
-41.1,-10.6
9.1,40.1
18.3,26.2
8.5,16.3
23.7,29.0
-70.7,-34.0
39.4,63.2
-22.3,-47.8
-53.5,23.6
-64.6,36.1
70.8,-61.2
4.6,-18.6
-7.0,-51.4
-28.3,-26.3
66.2,14.4
57.5,-51.7
38.2,-67.5
-62.8,-8.5
-11.4,16.1
-12.9,-42.7
1.9,-23.2
-58.4,26.7
14.0,4.0
-28.7,-41.9
72.7,-66.8
-44.3,66.8
40.1,39.6
-31.6,-57.0
-0.4,-10.4
-55.6,4.9
-40.5,8.8
25.2,-21.9
-15.4,36.3
-9.6,-6.0
-63.3,-28.0
-10.6,-14.3
21.0,-31.6
-14.2,69.9
-49.2,67.1
-6.0,28.4
-20.7,-9.5
-59.1,-9.6
-14.9,-63.2
55.6,36.9
-41.8,41.9
-63.5,20.0
4.6,-45.9
41.4,-22.3
68.7,21.8
-52.8,-59.6
-36.6,-49.0
-52.1,38.9
-63.7,67.7
19.2,-5.4
9.6,11.9
27.2,57.3
21.4,73.0
-26.5,70.6
-27.6,-9.0
-4.7,19.7
44.4,13.7
-22.2,-63.9
-5.7,-69.4
-19.7,-31.9
21.7,71.6
-61.5,14.1
-17.3,12.0
68.1,35.8
-68.8,61.4
10.7,-46.8
15.8,0.2
68.7,-7.4
46.6,50.6
72.4,-62.4
21.9,-69.1
31.1,73.6
3.6,16.5
-20.4,62.7
-16.9,41.2
26.8,-67.1
19.6,-24.8
-25.5,8.7
-17.0,-37.2
52.7,69.7
15.4,-52.4
-62.8,24.5
62.5,-28.5
23.4,24.3
-55.7,31.3
-62.3,8.8
21.5,-25.7
-55.8,30.4
67.1,74.6
61.9,-61.0
25.6,1.3
-72.3,-28.7
67.7,-23.7
39.9,-46.2
75.0,-51.8
-30.6,43.2
1.2,6.0
35.8,4.0
24.3,56.5
17.7,14.6
-51.9,-47.9
28.9,18.7
60.4,33.2
-68.4,-20.4
32.9,70.4
16.6,37.9
42.6,-39.9
-39.1,69.8
42.7,60.6
-45.9,26.7
10.6,-8.9
40.4,41.7
0.4,-12.2
