point_name,x_coord,y_coord,category
P1,-30.087,-47.557,origin
P2,48.394,11.127,vertex
P3,-4.458,38.614,center
P4,-30.556,19.635,midpoint
P5,-10.035,-35.243,edge
P6,-49.446,25.096,vertex
P7,27.842,-28.116,edge
P8,1.796,-44.978,origin
P9,41.747,-37.864,origin
P10,30.142,16.758,center
P11,9.545,45.004,midpoint
P12,11.265,21.927,center
P13,-7.326,40.685,midpoint
P14,39.721,24.366,midpoint
P15,-4.993,25.178,edge
P16,-22.269,27.767,midpoint
P17,12.675,-22.54,vertex
P18,21.354,-26.551,corner
P19,-18.029,4.015,origin
P20,-34.917,-11.696,origin
P21,20.642,-43.577,midpoint
P22,-16.912,-3.408,vertex
P23,-29.317,-7.986,center
P24,44.606,-48.047,center
P25,-11.962,-49.41,corner
P26,-20.139,-11.001,midpoint
P27,3.822,23.463,center
P28,39.781,-1.177,corner
P29,-6.416,-47.098,corner
P30,16.887,29.814,edge
P31,-33.496,-3.261,origin
P32,48.072,3.412,midpoint
P33,9.189,16.3,vertex
P34,14.275,-36.43,midpoint
P35,-31.827,-23.984,corner
P36,-28.834,-17.315,midpoint
P37,-22.174,45.12,midpoint
P38,-24.773,-41.809,vertex
P39,24.902,-44.791,corner
P40,-27.578,-43.138,edge
P41,-45.974,-46.897,origin
P42,-30.064,-47.962,origin
P43,-26.146,-2.644,vertex
P44,6.397,-28.204,edge
P45,-24.376,-13.11,center
P46,10.725,24.793,vertex
P47,27.779,-33.623,corner
P48,-39.19,-47.432,corner
P49,7.58,40.803,midpoint
P50,-10.335,21.501,vertex
P51,9.21,33.057,origin
P52,-39.81,27.248,edge
P53,10.041,-37.894,center
P54,28.264,-15.28,midpoint
P55,16.152,-43.104,edge
P56,-15.877,34.958,midpoint
P57,-39.446,46.079,edge
P58,39.158,-4.026,origin
P59,-6.451,23.38,edge
P60,-22.992,30.82,center
P61,27.464,-3.513,edge
P62,9.247,-17.77,origin
P63,33.073,-41.334,midpoint
P64,-25.614,-3.529,center
P65,16.819,-16.36,midpoint
P66,35.095,-31.816,origin
P67,-14.518,-24.165,corner
P68,38.032,20.118,corner
P69,5.579,1.663,origin
P70,-41.439,22.007,midpoint
P71,5.518,-25.968,midpoint
P72,14.59,-0.918,vertex
P73,-40.695,-27.84,edge
P74,-25.669,16.396,corner
P75,-2.674,3.092,midpoint
P76,49.663,5.039,corner
P77,20.285,-22.908,corner
P78,-26.946,22.128,corner
P79,-38.045,3.586,edge
P80,-31.485,-28.362,midpoint
P81,-22.35,8.959,center
P82,9.679,48.051,origin
P83,-20.375,-13.912,corner
P84,-48.585,3.414,corner
P85,-45.448,-44.547,corner
P86,19.742,-37.372,midpoint
P87,-39.741,-48.773,corner
P88,-3.06,-5.953,origin
P89,46.55,-24.752,midpoint
P90,-38.591,-43.466,midpoint
P91,-42.592,12.945,vertex
P92,-34.827,31.114,corner
P93,-41.482,-25.181,center
P94,26.444,10.632,center
P95,-27.431,2.257,midpoint
P96,40.85,-20.265,center
P97,49.003,-19.462,center
P98,-43.977,46.011,vertex
P99,44.759,-29.221,origin
P100,-23.535,-41.881,origin
P101,-32.619,-42.494,vertex
P102,-9.148,18.937,midpoint
P103,-20.874,-26.852,edge
P104,-21.728,35.961,vertex
P105,18.738,42.391,edge
P106,8.979,30.391,origin
P107,-7.486,4.456,edge
P108,-35.101,-23.437,origin
P109,-42.859,-33.408,corner
P110,9.504,32.424,corner
P111,-6.085,-3.13,corner
P112,19.973,44.268,center
P113,3.998,-6.224,center
P114,-46.014,-6.797,corner
P115,10.371,-47.414,origin
P116,46.191,33.596,center
P117,8.712,-47.925,edge
P118,32.142,7.625,origin
P119,-2.95,15.151,corner
P120,-31.851,8.533,edge
P121,31.424,46.906,midpoint
P122,-15.204,-16.669,edge
P123,-39.54,-33.918,midpoint
P124,19.367,-21.178,midpoint
P125,31.357,5.01,midpoint
P126,-41.194,-24.76,vertex
P127,47.018,-9.582,center
P128,32.493,-49.885,center
P129,-3.802,-44.58,center
P130,-13.822,25.644,edge
P131,-5.796,-44.839,corner
P132,4.922,42.767,midpoint
P133,38.085,-1.529,vertex
P134,47.315,10.887,origin
P135,20.978,-18.925,vertex
P136,5.225,-40.679,vertex
P137,-3.855,-38.253,origin
P138,-0.162,21.66,center
P139,20.541,-8.451,midpoint
P140,48.024,-25.627,center
P141,-35.536,-30.939,center
P142,0.824,37.933,vertex
P143,-22.375,29.001,midpoint
P144,-16.012,28.772,corner
P145,32.055,-21.716,corner
P146,33.748,7.992,edge
P147,-1.036,-35.14,center
P148,-1.566,-16.756,center
P149,-12.279,43.285,origin
P150,48.077,-26.119,midpoint
P151,-26.644,27.554,vertex
P152,-18.182,-2.702,midpoint
P153,-11.392,16.369,edge
P154,48.082,-0.467,vertex
P155,-37.375,46.535,corner
P156,36.97,37.419,midpoint
P157,-40.029,41.044,vertex
P158,22.244,-9.002,edge
P159,46.996,-42.517,corner
P160,-16.144,19.27,edge
P161,-41.968,-17.143,edge
P162,35.934,-11.999,corner
P163,12.68,38.744,midpoint
P164,37.238,-46.41,vertex
P165,-26.523,18.44,corner
P166,49.743,24.677,midpoint
P167,47.834,26.037,edge
P168,37.258,-5.632,edge
P169,-20.053,-47.105,corner
P170,29.614,-20.663,corner
P171,-6.931,-25.58,midpoint
P172,6.593,29.252,origin
P173,-32.493,10.949,midpoint
P174,11.971,-25.917,center
P175,-35.688,-3.885,corner
P176,-4.043,16.684,midpoint
P177,40.121,17.761,origin
P178,-42.614,44.524,center
P179,-20.085,46.203,edge
P180,-24.99,34.53,origin
P181,49.937,35.334,vertex
P182,-26.279,7.192,center
P183,-20.413,19.928,vertex
P184,47.794,15.823,corner
P185,-49.19,36.507,edge
P186,47.36,41.062,edge
P187,-0.327,40.416,corner
P188,27.574,-26.988,corner
P189,-28.1,-30.987,corner
P190,17.776,22.093,edge
P191,18.086,-36.322,vertex
P192,40.34,14.634,corner
P193,28.861,-46.664,corner
P194,23.236,-40.987,corner
P195,-17.328,-8.45,origin
P196,-36.784,3.941,corner
P197,3.085,41.349,origin
P198,-24.303,32.469,midpoint
P199,46.738,-20.486,corner
P200,30.423,-3.167,vertex
P201,-35.924,46.65,edge
P202,22.422,47.994,center
P203,-13.422,29.068,vertex
